title	prob_fake	is_fake
Роскомнадзор представил реестр сочетаний цветов, нежелательных в России	0.9995752	1
Ночью под Минском на президентской горе Беларашмор (Пик Демократии) внезапно появилось лицо Николая Лукашенко	0.99999964	1
Бывший спичрайтер Юрия Лозы рассказал о трудностях работы с Сергеем Шойгу	0.00014209651	0
Сельская церковь, собравшая рекордно низкое количество пожертвований, сгорела от тройного попадания молнии	3.3711527e-05	0
Акции Google рухнули после объявления о перезапуске RuTube	0.9996835	1
Курс доллара вырос до исторического максимума	0.07134434	0
ОПЕК назвала оптимальный уровень цен на нефть	0.9999366	1
Российская авиакомпания откроет рейсы в Тбилиси с Урала	0.55058575	1
Швейцарская горнолыжница расстреляна в доме родителей	0.9998827	1
Учреждена театральная премия имени Гарольда Пинтера	0.9999318	1
Песков опроверг информацию о слиянии Минфина и Минэкономразвития	0.99332374	1
В рамках акции «Елка желаний» министр науки и высшего образования исполнил мечту Алисы Тепляковой и подарил ей красный диплом МГУ	8.740309e-05	0
Главного злодея в сериале «Этерна» сыграет Роман Мадянов	0.99704105	1
Таркан признался в употреблении кокаина	0.015689682	0
В Екатеринбурге завершился «процесс над бесами»	0.99978095	1
Дэниел Крейг поселится в доме с призраками	0.9997907	1
Новый тренер «Спартака» покинет клуб до конца года	0.9987839	1
Биткоин затмил Ким Кардашьян	0.9929235	1
На фоне сообщений о победе «Единой России» на выборах в Госдуму немецкий индекс DAX упал до рекордно низкого уровня	0.15164003	0
Илларионов призвал сменить в России государственное устройство	0.9775044	1
Суд приговорил Навального к трём годам домашнего ареста в СИЗО-1	0.9429904	1
Роберт Стуруа согласился перейти в театр Александра Калягина	0.3237874	0
Слуцкий оценил соперника ЦСКА в Лиге чемпионов	0.0034433294	0
Tequilajazzz представит Журнал живого в Икре	0.99855286	1
Все члены КПРФ обязаны принять православие до 1 сентября 2021 года	0.0016722613	0
В лонг-лист премии Нос вошли Эдуард Лимонов и Саша Соколов	0.8589056	1
Невакцинированные граждане не смогут проголосовать на выборах в Госдуму	0.0013668877	0
Названы лауреаты Финансовой элиты России за пять лет	0.99998796	1
Нафтогаз Украины выплатил часть долга за газ	0.9704506	1
Чиновники сдадут ЕГЭ по Конституции	0.7449953	1
Майкл Джексон даст серию концертов в Лондоне	0.008489	0
С 2022 года номера России на «Евровидении» будут утверждаться Госсоветом	1.0	1
Суд в Казани признал вкладчиков Finiko невменяемыми и отправил их на принудительное лечение	0.2005554	0
Дональд Трамп открыл счёт в Сбербанке	0.906289	1
Ubisoft выпустит антологию серии Assassins Creed	1.153992e-10	0
Писатель рассказал об отношении Люка Скайуокера к геям	5.908755e-09	0
Ученые записали музыку древнейших звезд Млечного Пути	0.19067854	0
Во время учений в Риге солдаты НАТО распяли русскоговорящего мальчика	0.21295026	0
Козак нашел в России островок стабильности	0.99912685	1
Мэрдок отказался от инвестиций в российский телебизнес	0.0042625517	0
Контрабандисты попытались вывезти из России партию артиллерийских снарядов под видом глушителей для Tesla	0.99999404	1
В Грузии нашли 11 780 голосов Трампа, отданных за него на президентских выборах в США	0.84817874	1
Конфликтная ситуация вокруг ОАО Зангас исчерпана	4.8771267e-06	0
Christies устроит экологический аукцион	0.9974262	1
В России запретят репетиторство	0.9950604	1
Apple заблокировала iphone Артемия Лебедева за публикацию «ложных материалов» о Юлии Навальной	0.99999976	1
Конституционный суд признал недействительным манифест об отмене крепостного права	0.99892884	1
Чтение молитвы «Отче наш» на скорость войдёт в обновлённый список нормативов ГТО	0.43630075	0
Показана мумия древнего чиновника	0.9999887	1
Пётр Толстой после победы на думских выборах вернёт потомственное дворянство	0.7945049	1
Русская галерея искусств проведет аукцион жанровой живописи	0.3095283	0
В правительстве РФ назвали причиной нехватки инноваций дорогую нефть	0.99998975	1
Илья Ковальчук получил травму колена	0.99735117	1
«Росатом» построит АЭС в Афганистане	0.9999726	1
Анонсирован медиаплеер с 3D-дисплеем	0.99980336	1
Гендиректор Ryanair поблагодарил Белоруссию за «образцовую отработку сигнала о ЧП на борту самолёта»	0.4573077	0
Заместитель мэра латвийского города пожаловался на невозможность реабилитации нацизма	0.9889922	1
Обзор рынков: Google потерял в цене	0.27921823	0
За неделю московские квартиры подорожали на процент	0.005908304	0
«Спартак» пропустил четыре мяча от «Краснодара» в чемпионате России	0.9966444	1
Госдума может приравнять имена нацистских преступников к нецензурной брани	0.9265905	1
Майкл Джексон по-прежнему делит постель с детьми	0.9336123	1
«Лучший коньяк в мире - дагестанский»: в Париже найдены неизвестные письма Наполеона	0.020651482	0
Минпросвещения поддержало необходимость создания списков неблагонадежных подростков	0.0015523584	0
Уилл Феррелл поможет Офису пережить уход Стива Карелла	2.4393705e-09	0
Пользователи YouTube без премиум-подписки смогут смотреть только рекламу	0.8711269	1
В Белоруссии задержали группу кавказцев, пытавшихся под видом сирийских беженцев попасть в Польшу	2.5539575e-06	0
Суд оправдал водителя, который ехал с закрытыми глазами, чтобы не видеть Новокузнецк	0.99899167	1
Организаторы боя Ибрагимов — Холифилд привезли Путину чемпионский пояс	0.0005552936	0
В Петербурге открылся музей сосулек	0.9993643	1
На игру по книгам Джейн Остин собрали деньги	0.02489044	0
Горбушка пообещала Microsoft окончательно избавиться от пиратов	0.00019953499	0
BP назвала Россию виновником снижения мировых запасов нефти	0.9997776	1
Денис Мантуров сообщил о возрождении легкой промышленности в России	0.9995956	1
Казахстан ограничил продажу российской водки и пива	0.97258985	1
Гражданам без московской прописки временно запретят пользоваться столичным метро	0.071610786	0
Гонщик NASCAR назвал свою бывшую девушку наемным убийцей	0.03419104	0
Скончался гитарист Ramones Джонни Рамон	0.98741245	1
Богатейшие люди мира потеряли 11 миллиардов долларов за день	0.9996518	1
В Омске создадут центр ремонта и модернизации танков	0.99987173	1
Кубок Кремля остался без первой ракетки	4.8283377e-09	0
«Зенит» согласовал трёхлетний контракт с Лионелем Месси	0.9998141	1
Мосарбитраж оставил под арестом акции дочерних компаний ЮКОСа	1.0261389e-05	0
Мексика прекратила поставлять в Россию грузовики ЗИЛ-130 из-за санкций США	0.0015283673	0
Производство иномарок в России выросло втрое за десять лет	0.9999975	1
Минздрав разработал методику лечения гомосексуализма	0.9999069	1
Сборная Белоруссии по футболу откажется от турниров под эгидой УЕФА в пользу первенства Азии	1.8125791e-05	0
В Перми откроют курсы моэлей для ищущей себя молодежи	0.9880521	1
В мавзолее состоялись плановые учения по выносу тела Ленина	0.001099805	0
ВМФ России не откажется от аварийной системы пожаротушения на атомных субмаринах	0.5390366	1
Олег Дерипаска пригласил Сергея Лаврова и Настю Рыбку в совместное путешествие на яхте	0.9988726	1
Украина запретила импорт птицы из России	0.99995553	1
ФСИН заберёт за долги гонорары «скопинского маньяка»	0.999696	1
Найдена самая благоприятная для жизни экзопланета	0.9988939	1
DС Сomics представили нового супергероя Крепкий орешек	0.1439343	0
Пожаловавшуюся на «ржавую» воду из-под крана пенсионерку отключили от водопровода	0.9993043	1
У женщин-военнослужащих начали изымать неуставные бюстгальтеры	0.99440503	1
Общественники предложили разрешить многожёнство в отдельных регионах России	0.99928206	1
«Вот где настоящее воровство»: Чубайс предложил пересмотреть итоги «грабительской» приватизации жилья	0.00020641892	0
Коммунисты заложили первый камень в фундамент храма на месте покушения на В.И.Ленина	5.2699676e-07	0
Работники Deutsche Telekom начали первую забастовку за последние 10 лет	0.9999622	1
Студентам экономических вузов будут объяснять принципы инвестирования на примере сказочных героев	0.9998398	1
На месте поджога газохимического комплекса в Новом Уренгое задержан Николай Десятниченко	3.869626e-07	0
Леонид Меламед официально стал гендиректором МТС	9.109656e-08	0
Эротический 3D-фильм Гаспара Ноэ выйдет в российский прокат	0.9415744	1
МЧС начнёт рассылать смс-сообщения с информацией о помощи другим странам	0.73441035	1
Американский актер подал в суд на Википедию	1.0	1
Капков попросил у москвичей недорогих идей городского праздника	7.9117446e-05	0
Самовольно расчищавшего дорогу тракториста обвинили в воровстве снега	0.9999889	1
«Вакцина будет только для евреев»: мордовский врач хитростью вакцинировал целый район	0.9999999	1
Лукашенко лишил Мисс Беларуси звания майора КГБ после того, как она не смогла отличить роторную жатку от обмолота	1.6573281e-08	0
ГИБДД определит перечень музыки, разрешённой к прослушиванию в автомобилях	0.0012626449	0
Россияне массово вызывают скорую помощь, чтобы поздравить врачей с профессиональным праздником	0.99998057	1
Apple запустила кампанию по обмену зарядных устройств	0.64982957	1
Ультраправые консерваторы потребовали уменьшить сумму компенсации семье Джорджа Флойда с 27 до 22 миллионов долларов	6.916652e-07	0
Лидер НХЛ проиграл второй матч подряд	0.00050259416	0
Минюст признал Сколково иностранным агентом	0.0010750988	0
Российское СП купило крупнейший металлургический комбинат Хорватии за 12 центов	0.00013028116	0
В китайских провинциях проходят шествия и карнавалы в честь второй годовщины пандемии коронавируса	0.09906338	0
«Цены в сотни раз ниже, чем на Рублёвском шоссе»: министр экономического развития обвинил регионы в демпинге	0.05837591	0
Лейтенант Тайлер из Подводной лодки U-571 сражается с драконами	0.0014013194	0
В Санкт-Петербурге пройдет фестиваль аудиовизуального искусства Yota Space	0.0011109996	0
Активисты Black Lives Matter вышли на улицы европейских столиц с портретами президента Чада	0.9999958	1
Снятие наличных для россиян будет доступно только после предъявления QR-кода	1.8916937e-05	0
Вместе с WTC погибла православная церковь	3.2366042e-05	0
Международный союз биатлонистов обвинили в сокрытии допинг-проб россиян	0.99990845	1
На борьбу с кризисом чиновники потратили 342 миллиарда рублей	0.99989915	1
Армстронг обвинил в употреблении допинга всех велогонщиков	0.9995739	1
Индекс РТС поднялся до максимума с сентября 2008 года	0.9935247	1
В 2001 году пенсии в России возрастут на 40 процентов	0.9539179	1
Time включил Александра Лукашенко в список самых влиятельных людей мира	2.2496126e-06	0
США потерпели первое поражение на чемпионате мира по хоккею	1.7610431e-05	0
«Первый канал» предложил Ваенге представить Россию на «Евровидении»	0.36775026	0
Фуркад призвал IBU наказать уличенных в употреблении допинга россиян	0.99999964	1
Армения попросила у России и трех банков миллиард долларов	0.99997187	1
Ракета Тополь поразила цель в Казахстане	0.99982613	1
Глава Сухого признал задержку с поставками Superjet	0.9582864	1
На детском мероприятии в Ельцин-центре устроили поедание кексов с изображением Сталина	0.2487021	0
Умерла партнерша Рудольфа Нуреева и легенда балета Иветт Шовире	0.98057026	1
В учебниках математики появятся главы, посвящённые Сталинградской битве	4.0577197e-05	0
Железнодорожные тарифы будут едиными для всех	0.84328324	1
Школьницы, родившие ребёнка до выпуска, получат дополнительно 30 баллов ЕГЭ	0.015364417	0
Горечь от потерь России в Сирии навеяла мысли о Калмыкии	0.9408661	1
Россиянам разрешат брать продукты из мусорных контейнеров только после предъявления пенсионного удостоверения	0.99830806	1
В Великобритании появились пять двойников Газпрома	0.94797593	1
НХЛ и профсоюз игроков подписали завершивший локаут меморандум	0.92964303	1
Полиция разыскивает более ста шаманов, идущих в сторону Москвы	0.81526494	1
Эксперт указал на неназначенный в ворота «Спартака» пенальти в матче с ЦСКА	1.0	1
Россия начала разработку универсальной артустановки для ВДВ	0.76074153	1
МВД опубликовало список нежелательных тем для шуток и разошлет его юмористам	0.0057767183	0
В воде, которой польские пограничники поливают мигрантов, нашли «Новичок»	0.23315762	0
Актер Федор Добронравов попал в больницу	0.9996767	1
ОАК оставила единственного покупателя без Ту-214	0.0068084016	0
В Алтайском крае прошёл митинг за возобновление продажи леса в Китай	0.18189985	0
Рядом с телом Джона Макафи обнаружили визитку Касперского	0.00016028213	0
МВД Белоруссии возбудило уголовное дело против Гитлера за срыв 4 посевных и 5 уборочных	0.10465323	0
В России введут штрафы за хранение ртутных градусников	0.9904896	1
Москва передаст Капотню Тамбову	0.6990373	1
МГТУ им. Баумана назовут в честь Сергия Радонежского	0.99995303	1
Пётр Толстой предложил 9 мая светить фонариками в защиту ветеранов	0.06990907	0
Суд оправдал официантов, подмешивавших вакцину от COVID-19 в пиво посетителям бара	0.009891024	0
Мутко опроверг наличие мельдония в допинг-пробах футболисток сборной России	0.34403038	0
Apple замедлит смартфоны белых пользователей	0.97509795	1
Манижа будет выступать на Евровидении под нейтральным флагом	0.99728024	1
Из русского языка убирают слова, необходимые для оппозиционной деятельности	0.9981127	1
Европа решила в угоду США перейти на американский газ	0.9995938	1
Роман Абрамович купил лондонский футбольный клуб Челси	5.087066e-05	0
Halo 3 оказалась прибыльней Человека-паука и Гарри Поттера	6.0740254e-05	0
Основатель Eidos Montreal покинул студию	0.999343	1
Скончался ветеран Пентагона, создавший плеяду анекдотов про Чапаева	1.2918481e-05	0
Ким Чен Ын подарил Александру Лукашенко бронепоезд для международных поездок	0.0005202747	0
Экологи во всем мире заговорили об угрозе глобального похолодания	0.99413705	1
У нас свободная страна: Лукашенко заявил, что не может запретить людям гулять около польской границы	7.9261395e-07	0
Пентагон попытается сбить сошедший с орбиты спутник 21 февраля	4.061564e-10	0
ОМОН разогнал митинг в поддержку сотрудников ОМОН	0.118995234	0
Подарочные карты iTunes разрешили оплачивать «Яндекс.Деньгами»	0.0013366103	0
«Сбербанк» добавил караоке в мобильное приложение	0.9522156	1
Спикер парламента сообщил о начале периода распродаж мест в Госдуме	4.493369e-05	0
Китайская государственная “Корпорация развития” выкупила у США замороженную с 1990-х годов доменную зону Сибири	0.9995554	1
Начальник полиции Нижневартовска уволен за раскрытие школьникам уязвимых мест ОМОНа	0.00045406393	0
В России запретят майонез	0.00035852412	0
Аккредитация «Панорамы» в Госдуме, новые приключения Петрова и Боширова, борьба с чешской угрозой и запрет алкоголя на майские праздники в нашей еженедельной рубрике «Панорама недели»	0.99999976	1
ЕСПЧ обязал Роскомнадзор ускорить Twitter на два месяца	0.99540377	1
Компаниям из России придется вернуть 45 миллиардов долларов долгов за три месяца	0.9992694	1
Гран-при фестиваля КРОК получил французский мультфильм	0.0002672664	0
Россия оставила закрытой тему ЗСТ между Украиной и ЕС	0.9995546	1
Станислав Черчесов возглавит список «Родины» на выборах в Госдуму	0.024887089	0
Борьбу с глобальным потеплением признали экономически невыгодной	0.99967337	1
Во льдах Антарктиды нашли замороженного человека в форме ефрейтора Третьего рейха	0.0050852355	0
В аргентинской провинции нашли похищенную скрипку Страдивари	0.99923337	1
Спасатели нашли обломки самолета певицы Риверы	0.09134988	0
РПЦ назначила Максима Шевченко новым архиереем Бакинской епархии	0.027325818	0
МЭА спрогнозировало рост цен на нефть после 2017 года	0.9995964	1
Околоземное пространство предложили чистить лазером	0.00012846343	0
К российским олимпийцам впервые с 1988 года приставят компетентных сотрудников	0.0001427869	0
Британская легкоатлетка выиграла 91 тысячу с девяти долларов	0.074955046	0
Лебеди из покрышек, балкон-склад, отсутствие толерантности и другие полезные лайфхаки для необразованного Запада	0.9999995	1
Путин представил кандидатуру Набиуллиной для назначения главой ЦБ на второй срок	2.6450756e-05	0
Доллар упал ниже 53 рублей	0.002428182	0
ДНК возьмется за темную материю	0.99981064	1
Россия поможет Филиппинам пережить войну в Персидском заливе	1.0	1
«Американского психопата» превратили в бродвейский мюзикл	0.99999535	1
Московских проституток обязали тестировать клиентов на COVID-19	0.9999789	1
РАЕН установила, что Израиль управляется евреями	0.00021040163	0
Улицу у посольства США в Москве переименуют в честь Ли Харви Освальда	0.9716827	1
Ученые оценили число разумных цивилизаций во Вселенной	0.9999484	1
Китай снимает запрет на поедание сырых летучих мышей для вакцинированных от COVID-19	6.5078355e-05	0
Китайский ЦБ снизил базовую ставку для борьбы с кризисом	0.08997346	0
Обладателей Русского Букера приравняли к нобелиатам	0.98142254	1
В России могут вернуть раздельное обучение в школах	0.99997795	1
Баллы России на «Евровидении» будут распределены между пострадавшими от её действий странами	0.9999968	1
«Газпром» объявил тарифы на бесплатную газификацию частных домов	0.9974657	1
Новый адвокат Навального попросил суд изменить условное наказание на реальное	6.8570043e-06	0
«Маразм крепчал»: Дмитрий Киселев покажет документальный фильм о старческой деменции Байдена	0.9999968	1
Навальный приобрёл виллу на берегу озера Комо	0.0067533166	0
Россиян обяжут пересдавать на водительские права каждые 5 лет	0.0010256427	0
Из-за аварии на деньгохранилище «Норникеля» в озеро Пясино попало 26 миллиардов рублей	0.9999275	1
Московская школа закупила тренажёры Кегеля для уроков физкультуры	0.9999999	1
Главу итальянского партнера «Сухого» арестовали за взятки	0.004290996	0
В Екатеринбурге врачи отрезали ногу пациенту с ветрянкой, а затем провели уникальную операцию по ее пришиванию	0.9999534	1
Microsoft обнародовала цену и дату релиза консоли Xbox One	0.026423777	0
Московские власти подарят ветеранам на 9 мая бесплатные билеты в экстрим-парк	0.9999982	1
Посольство КНДР требует изменить дизайн противопожарных плакатов из-за «недопустимых намёков»	3.681259e-05	0
Голодец попросила Путина повысить МРОТ	0.18202507	0
Глава Отдела внешних сношений РПЦ провёл крестный ход против коронавируса в Ницце	0.9999058	1
В связи с беспрецедентными туманами Сергей Лавров пригласил президента Польши посетить Москву	0.9652727	1
Белоруссия отказалась вводить альтернативные торги валютой	0.99999905	1
Плесневые грибы оказались способны к сексу	0.9970638	1
Налоговики России и Австралии обещали не обирать олимпийцев	0.9969913	1
ВЦИОМ: «Большинство россиян высказались за увеличение пенсионного возраста»	0.99104685	1
Владимир Путин пообещал Константину Цзю помочь с изданием книги	0.00020875686	0
Пенсионный фонд станет наследником первой очереди	6.9299235e-06	0
IBM представила интеллектуальную корпоративную информационную систему	0.9999771	1
Акции Sothebys за месяц упали на 25 процентов	0.87572753	1
Минсельхоз ограничит экспорт ячменя пошлиной	0.99808013	1
Западная технология для разложения России: на шоу Соловьёва призвали отказаться от идей демократии	6.507442e-10	0
Спартак предложил Романцеву остаться	9.0400994e-05	0
Центр Гамалеи запустит в Москве мобильные пункты вакцинации ГамВаген	6.0684605e-14	0
Астронавты шаттла Индевор завершили второй выход в открытый космос	0.059254825	0
Волонтёрам переписи населения разрешат вскрывать двери	0.3758565	0
Американская футболистка обвинила в домогательствах 81-летнего Блаттера	4.8449398e-05	0
Бретт Ратнер отказался продюсировать церемонию вручения Оскаров	0.00043594628	0
Глава российской погранслужбы сообщил о полной готовности к наплыву беженцев из Европы	0.9719249	1
Мадридский золотой треугольник искусств установил рекорд	0.94758135	1
В Думе утвердили список веских причин для преклонения колен на территории РФ	0.9997197	1
Карякин проиграл в первом матче на чемпионате мира по рапиду и блицу	0.705811	1
Обнаружен новый тип «липовых» бюро кредитных историй	0.99978703	1
Посольство Узбекистана не мешало Борису Акунину въехать в страну	1.3052725e-07	0
Сотрудников ФБК проверят на причастность к исчезновению Александра Мураховского	0.99982125	1
Для борьбы с клещевым энцефалитом в России увеличат вырубку лесов	0.999246	1
Пенсионеры, не получившие подарочных карт на выборах, готовятся штурмовать Свердловский облизбирком	0.000312031	0
Испытания роботокомлекса «Турель» в ДНР попали на видео	0.89272857	1
Клуб болельщиков Динамо прекратил прием новых членов	0.9994861	1
Google извинился за баг с исчезновением Израиля с сервисных карт компании	0.0015494728	0
В Ульяновской области дети получат овощную корзину вместо сладких подарков	6.105514e-08	0
В Москве похоронили Людмилу Гурченко	0.0005370565	0
В польских школах запретили изучать деление	0.998372	1
Европа пригрозила Греции экономическими санкциями	0.0246702	0
«Роскосмос» анонсировал перестройку космодрома Восточный под TikTok-хаус	0.8996835	1
В России на законодательном уровне запретят критиковать цены	0.002911169	0
Партия запретила миллиарду китайцев смотреть на Анджелину Джоли	0.9999987	1
Роскосмос планирует перейти на пуски в Minecraft	5.936224e-07	0
Рогозин пообещал распилить МКС перед затоплением в океане	5.428022e-07	0
Определились четвертьфинальные пары хоккейного турнира на Олимпиаде	0.99730104	1
Две подлодки типа Щука доставили на утилизацию на нидерландском судне	0.99970967	1
Велосипедисты без страховых полисов ответят по закону	0.00016690801	0
Четвертый фильм о Гарри Поттере покажут сразу в двух форматах	0.6976419	1
Россия наращивает поставки ракет класса «земля-воздух» в Турцию	0.917547	1
Влияние мобильных телефонов на рак показали на крысах	0.99999774	1
Роуэн Аткинсон сыграет Боширова в сериале Netflix «Прага – Солсбери»	0.98152864	1
Началась работа над бродвейским мюзиклом о Кинг-Конге	0.9867274	1
Нурмагомедов выдвинул UFC ультиматум	0.0010826931	0
Плющенко устроил дрифт на снегоходе	0.006672511	0
Правнук Берии подал иск о плагиате к создателям аниме «Тетрадь смерти»*	0.10714131	0
«Росатом» опроверг слухи об ограничении коммерческих поставок урана в США	0.98455215	1
Банк России резко поднял курсы доллара и евро	0.99929404	1
Описан механизм уничтожения аборигенов и экосистем Америки	0.99997663	1
Создатели «Веселой фермы» сделали игру о елочных украшениях	0.9929771	1
Гимнастка из Узбекистана поехала на Чемпионат мира, чтобы спасти больного сына	7.5910833e-10	0
Нападение Байдена на Россию, годовщина Крымской весны, демонтаж камеры фиксации нарушений ПДД на Рублёвке и русский борщ в нашей еженедельной рубрике «Панорама недели»	4.7746103e-06	0
Милан Кундера стал почетным гражданином Брно	0.99994993	1
Украина нашла средства для расчета с Газпромом	0.9999665	1
ФАС изучит пасьянс «Косынка» на предмет возникновения нерешаемых раскладов	0.00029395745	0
Мария Шарапова выиграла первый турнир в сезоне	0.29669327	0
Футболист Арсенала выбыл из строя до конца сезона	0.9999995	1
ЕСПЧ признан нежелательной организацией на территории РФ	0.99541533	1
Каспаров и Крамник догоняют Широва	0.01673986	0
МОК включил в программу зимних Олимпиад четыре новые дисциплины	0.0040332265	0
Спартак стал победителем турнира Efes Pilsen Cup	9.87484e-10	0
Нефть дорожает из-за холодов в США	0.044461027	0
На ж/д переезде Рублево-Успенского шоссе установили шлагбаумы для поездов	0.23309049	0
Китайские фанаты напали на тренера футбольной сборной	4.7228696e-07	0
Приостановка полетов японских «Лайнеров мечты» обвалила акции Boeing	4.4569983e-09	0
У полицейского в Хабаровском крае изъяли остров, принадлежащий Китаю c 2016 года	0.90785	1
Гонкуровская премия досталась афганскому писателю	0.002117344	0
На сайте ФСИН появилась вакансия палача	0.9987619	1
Минпросвещения объявило об отмене выходных для школьников на майские праздники	0.0003258947	0
В Кургане начали подбрасывать отраву в мусорные баки для борьбы с пенсионерами, растаскивающими мусор	0.99275064	1
В длинный список Бунинской премии вошли 60 книг	0.9999666	1
Лукашенко приказал отправить белорусских футболистов на урановые рудники	0.075547636	0
Работающих во время «нерабочих» дней москвичей принудительно вакцинируют от коронавируса	0.03815179	0
Для концерта «Океана Ельзи» в Петербурге нашлась площадка	1.4049775e-07	0
С этого всё начинается: Яровая предложила запретить россиянам покупать виртуальное оружие в играх	2.3045377e-09	0
Трамп отчитался об экономической победе над Китаем	0.9314129	1
За ношение символики ФБК введут уголовную ответственность	0.88870317	1
«Реал» включил футболиста сборной России в заявку на Лигу чемпионов	0.9895253	1
«Должно быть в каждом субъекте Федерации»: Минобороны планирует увеличить количество Суворовских училищ	0.9999945	1
Мария Бутина не сможет избираться в Госдуму из-за судимости	0.8326842	1
Минздрав: «Дефицита чипов у нас пока нет, склады заполнены с запасом»	7.595413e-07	0
Минфин предложил уволить каждого пятого федерального чиновника	0.005628743	0
Трансгендер, участвовавший в захвате Капитолия, оправдан и выпущен на свободу	0.007326516	0
Дочка Рособоронэкспорта займется авиаперевозками	0.24323176	0
Учителей обяжут заплатить налог за каждый подаренный им букет	0.99925846	1
Эминема пригласили на церемонию введения в Зал славы рок-н-ролла	0.93440753	1
Минэкономразвития дало свою оценку по спаду промпроизводства в октябре	0.91896033	1
Грета Тунберг подала в суд на стокгольмскую ТЭЦ из-за сосулек в своей квартире	0.99877936	1
Отец Нурмагомедова простил Макгрегора	0.9948238	1
Электронный Воннегут опередит бумажного	0.85053533	1
Кубок Федерации по теннису выиграли итальянки	0.9993436	1
Дональду Трампу заблокировали счета в Сбербанке	0.97487056	1
ВЦИОМ: 77 процентов российских феминисток лишь притворяются феминистками	4.2223594e-10	0
В Москве на Signal Dome выступят Ancient Methods	0.11712755	0
Дефицит бюджета США достиг 666 миллиардов долларов	0.99993813	1
Итальянская фирма Cristofari опровегла информацию о туалетном ёршике за 700 евро	0.00066076004	0
Blizzard анонсировала игру Diablo III	0.0051774355	0
Американский аналитик: «Набиуллина мешает порвать нам в клочья российскую экономику»	0.0010108439	0
Роскомнадзор уберёт из учебников истории изображения Шарля де Голля	0.17076911	0
Спортивным директором РФС стал Николай Писарев	0.0015259165	0
Вышел первый трейлер нового фильма Вачовски	0.00020226401	0
Акции Apple побили исторический рекорд	0.9532017	1
Ющенко обвинил Россию в монополизации рынка ядерного топлива	0.010064348	0
Несовершеннолетним запретят перекрашивать волосы	0.99510854	1
Победившая Медведеву российская фигуристка вновь стала лидером Гран-при	0.0029561552	0
В честь 30-летнего юбилея екатеринбургскому метрополитену подарили храм	0.99976605	1
ВКС России по просьбе запрещённой террористической группировки Талибан проведут антитеррористическую операцию против мятежников в Панджшерском ущелье	0.99973315	1
На время наводнения Крым признают украинским	1.1850336e-05	0
Певица Manizha станет обликом России на ВДНХ	1.7024482e-06	0
Генетики научились считать молекулы ДНК и РНК	1.0	1
Еврокомиссар назвал российский газовый сектор неподходящим для санкций	6.452728e-06	0
Киев обратился к ЮНЕСКО с просьбой получить право называть борщ украинским	0.9998838	1
МВД пообещало 8 марта не реагировать на все сообщения о домашнем насилии женщин в отношении мужчин	2.464995e-05	0
Иллюстрации к книгам про Винни Пуха выставят на аукцион	0.6263815	1
Объявлена дата начала продаж в России самого тонкого смартфона	0.9989868	1
Евровидение выделило квоту на призовые места для чернокожих исполнителей	0.99999344	1
Социальная сеть Вконтакте откажется от текстового ввода	0.99998844	1
Лидеру Манчестер Юнайтед разбили лицо в матче с Ромой	0.101170465	0
Шойгу обратится с новогодним поздравлением к россиянам из Киева	0.81030226	1
В России введут штрафы за кашель и чиханье в общественных местах	0.047614764	0
Северокорейская вона стала первой в новейшей истории валютой, полностью обеспеченной золотом	0.67425007	1
После ухода из Кирова «Победы» подорожали железнодорожные билеты	0.9996979	1
Британская армия получила новые эвакуаторы	0.3228202	0
Работникам государственных предприятий разрешат выдать годовую премию спиртными напитками	0.9999981	1
Петров и Боширов стали членами Общественной палаты России	0.99999964	1
Умер бывший тренер сборной Италии Энцо Беарзот	2.8943349e-08	0
Знаменитый бразильский футболист Ромарио объявлен в розыск	0.99998486	1
В России учредили День работника сайта «Госуслуги»	8.986921e-05	0
Решение о возвращении государству Столичной водки вступило в силу	0.9998305	1
2021 год объявлен годом прав и свобод человека в России	0.9978702	1
«Зенит» разгромил тульский «Арсенал» в первом туре чемпионата России	0.3042627	0
Тимченко разрешили вложиться в краснодарские яблоки	0.00038035744	0
Потерянный лунный камень обнаружился в кабинете губернатора Гавайев	0.2548988	0
Минюст объявил о ликвидации основанного В.И.Лениным «Общества чистых тарелок»	0.9998503	1
В РПЦ предложили перенести Новый год на 13 января	0.99999964	1
Квентин Тарантино объявил себя наследником Эдисона	0.9996804	1
Ангела Меркель предложила выплатить пенсионерам и военным по 2000 евро накануне выборов в Бундестаг	0.9739382	1
«Правильно говорить здешний»: в Институте русского языка утвердили новое название тутового шелкопряда	0.99271774	1
Микроавтобусы УАЗ с 2022 года получат освещение салона	0.9713272	1
Санкт-Петербург вводит QR-коды для посещения пунктов вакцинации	2.7634037e-06	0
CD Projekt RED опровергла прекращение разработки серии «Ведьмак»	8.912284e-09	0
На хакерском конкурсе взломали iPhone 4S и Galaxy S III	1.4107736e-07	0
Создатель Восставшего из ада сделает его римейк	0.23799732	0
Великобритания предложила обменять Навального на Скрипаля	0.10456433	0
Сбербанк будет выдавать потребительский кредит на смену пола	0.769274	1
Lexus объявил о создании летающей доски-ховерборда	0.57798505	1
Элайджа Вуд поможет Вину Дизелю в охоте на ведьм	0.99640465	1
Акции ЗАО Российская федерация восстанавливаются на фоне окончания протестов	0.9936283	1
Обзор рынков: акции Microsoft подешевели на шесть процентов	0.6927351	1
Станислав Черчесов: «Готов возглавить сборную Англии»	0.6028615	1
Оскар 2007: Сценариста Маленькой мисс Счастье признали лучшим	1.8338398e-05	0
Форсирование науки как метод поднятия с колен	0.99999976	1
Лучшую мать Кореи поместили на банкноту	0.9999968	1
Министерство просвещения запретило перегородки в школьных туалетах	1.3625941e-09	0
Новогодние выходные сократят до трёх дней	0.00010270863	0
В Сибири запретят всю непищевую продукцию со спиртом	0.84814024	1
Комитет Госдумы по шахматам даст правовую оценку ходам Яна Непомнящего в партии с Магнусом Карлсеном	0.018349413	0
На праймериз «Единой России» зарегистрировалось полмиллиона сторонников Навального	0.9998417	1
При регистрации в Twitter россиян автоматически подпишут на аккаунт Навального	0.9964971	1
Названы лауреаты премии Триумф за 2002 год	0.99933016	1
На фестивале KUBANA выступит Михаил Боярский	9.641993e-05	0
Новый альбом Эми Уайнхаус выйдет в декабре 2011 года	0.9999999	1
В России появится новая категория льготников дети 90-х	0.2640307	0
Правительство распорядилось о выплатах по старым вкладам	0.9999498	1
В марсианской сере нашли следы жизни	0.75092816	1
МОК обосновал пожизненное отстранение олимпийского чемпиона Сочи Зубкова	5.447409e-05	0
Жириновский закончил встречу с избирателями лозунгом За Единую Россию!	0.999943	1
Чиновники передадут недоеденные продукты с новогодних банкетов пенсионерам и многодетным семьям	7.043237e-05	0
#РИФМЫ НЕДЕЛИ	1.0634708e-05	0
«Глазоньки узковаты, но цвет кожи белый»: Байден исключил японцев из списка угнетенных	5.7828565e-05	0
Gearbox Software перезапустит Дюка Нюкема	0.0029245522	0
26 апреля — премьера марихуанной комедии Спасите Грейс!	0.95694035	1
Игорь Коротченко: «Дали американцам пинок под зад»	0.99997365	1
Неизвестный передал пропавший портрет на выставку	0.002828286	0
В 2009 году РВСН запустят 14 баллистических ракет	0.0007202241	0
Американцу, по ошибке отсидевшему 15 лет за плевок в полицейского, выплатят 1000 долларов	0.00947494	0
Российской фигуристке попала в рот муха во время танца	0.00013084401	0
Путин и Байден договорились о следующей встрече на вилле в Геленджике	0.9282276	1
Пентагон подарил Аркадию Бабченко на 23 февраля два часа катания на танке «Абрамс»	0.99982303	1
Самолёт Джо Байдена прилетит на встречу с Путиным через Белоруссию	0.9687197	1
С авианесущего крейсера «Адмирал Кузнецов» похищена защита от дурака	0.090300225	0
МВФ ищет мошенников, которые под видом сотрудников Центробанка выманили 40 млрд долларов	0.97916424	1
Чемпионат Турции приостановлен из-за обстрела автобуса «Фенербахче»	0.72230756	1
Россияне обрушили цены на iPhone X	0.018126022	0
ГАЗ перестанет выпускать автомобили под маркой Соболь	0.0062214723	0
Победа сборной России на ЧМ лишит Дмитрия Маликова волос	0.00022280369	0
Новую часть WWE выпустят в октябре	0.0002585314	0
Выход Grand Theft Auto V на PC снова отложили	0.009750039	0
Экономика ЕС растет медленнее США и быстрее Японии	1.0	1
Британцы подготовили к испытаниям подводную лодку нового поколения	0.9999032	1
В рамках совместного проекта Минкульта и Минюста судебные заседания будут проходить под классическую музыку	0.99143815	1
Имущество разоблачённых гомосексуалистов может быть передано соседям-доносчикам	0.9559469	1
Минобороны обеспокоено нехваткой в России памятников маршалу Жукову	0.99999964	1
Президентов иностранных государств в российских СМИ с 2022 года будут называть главами республик	0.9999999	1
Алексея Навального проверят на причастность к убийству Бориса Немцова	0.99999785	1
В Барнауле осудили пенсионера, назвавшего российский флаг власовской тряпкой	0.9999995	1
Химфак МГУ начнёт подготовку барист	0.9998368	1
Челси не воспользовался осечкой Манчестер Юнайтед	0.99860746	1
Google подала кассационную жалобу на решения судов в пользу ФАС	0.07169483	0
В России отменят право на отказ от прививок и создадут вооружённые прививочные патрули	0.9999927	1
Футболист променял «Барселону» на вино в Китае	1.0	1
Более 100 граждан России подали заявление о смене фамилии Навальный	0.9999001	1
Медведев назвал условия сокращения расходов бюджета в 2009 году	0.9999863	1
В России проведут месячник борьбы с бедностью	0.93006843	1
Белым американцам откачают вакцину в пользу чернокожих и азиатов	0.99999917	1
Рэпер Face объявил себя врагом государства и сравнил Россию с зоной	0.97827345	1
Александр Емельяненко нокаутировал бразильца за два раунда	5.8636925e-08	0
IKEA предоставит российским однополым парам скидки 30%	0.0006657715	0
Над формирующейся звездной системой идет дождь	0.7549268	1
Акции Pandora рухнули на 65 процентов	0.04988937	0
Игры по мотивам новых фильмов вышли в топ App Store еще до премьер	3.4639113e-06	0
Священников будут привлекать к ответственности за недостаточно качественное освящение космических объектов	8.422977e-06	0
YouTube заблокирует каждый десятый канал на русском языке	0.9999924	1
В США подросток раскопал свыше 200 могил за год, чтобы превратить их обитателей в зомби	0.99962795	1
В Казахстане открылся первый концентрационный лагерь перевоспитания «Насвау»	0.9999713	1
Бывший совладелец «Эльдорадо» пожаловался Фридману на Альфа-банк	0.045180403	0
«Это моральная победа!»: Явлинский поблагодарил всех сторонников Навального, кто не голосовал за «Яблоко»	0.016228698	0
Аэрофлот покупает 18 самолетов А-320	0.9996308	1
Госжилинспекция начнёт штрафовать россиян за ковры, висящие на стенах	0.9999896	1
Байден не исключает возможности проведения тайной инаугурации	0.072478995	0
Терешкова предложила законопроект, позволяющий президенту назначать до 51% депутатов Госдумы	0.59587324	1
Disney переименует Дональда Дака в Джозефа	0.9549767	1
Россия из-за критики передумала отправлять Manizha на «Евровидение». Вместо неё поедет группа Васи Ложкина «Эбонитовый колотун»	0.7893933	1
Sony анонсировала скорострельную 3D-видеокамеру	0.0020046178	0
Россиянам рассказали о преимуществах рапсового масла перед оливковым	4.9891783e-05	0
Минобрнауки запретило выдавать аттестаты выпускникам без сертификата о прохождении вакцинации против коронавируса	0.36298952	0
В Сибири закрылся единственный завод по производству палочек для мороженого	4.066796e-06	0
ЕС готов предоставить безвизовый режим российским «иностранным агентам»	1.4290927e-05	0
Предзаказы S.T.A.L.K.E.R. 2 вывели украинский госбюджет в профицит по итогам 2020 года	4.478951e-06	0
Американские фондовые индексы выросли	0.06163389	0
Россия поможет Ирану восстановить работу часов, отсчитывающих время до уничтожения Израиля	0.018595435	0
Оклахома вышла в финал плей-офф НБА	3.2178267e-09	0
Задержанных на митинге будут принудительно прививать от коронавируса	0.9477129	1
Курс евро превысил отметку 95 центов	0.9999999	1
РАН рекомендовала историкам воздержаться от упоминания национальностей деятелей Гражданской войны	6.4443275e-06	0
iOS 16 будет автоматически удалять с телефонов “неприемлемый” контент	0.0019427459	0
Голодец сообщила подробности пенсионной реформы	0.9999957	1
В Думе составили список требований к «настоящему» россиянину	0.9952774	1
Госдума ратифицировала договор о техпомощи ООН	0.0041466868	0
В ДТП в Нигерии погибли 15 футболистов	0.9825858	1
«Только советский человек может взять Интернационал»: Зюганов заявил о решающей роли советского образования в победе Team Spirit	0.9999676	1
В Yakuza 5 появится новый город	0.9987392	1
Биологи нашли способ остановить старение сердца	0.0012260381	0
Пенсионерам выплатят по 500 рублей за обещание не смотреть расследование о Володине	0.9664252	1
Минстрой предложил уравнять стоимость недвижимости в Москве и регионах	0.0012295054	0
Холифилд проведет бой с 45-летним датчанином	0.23232529	0
Приток капиталов в Россию к концу года превысит вывоз на 20 миллиардов долларов	8.703387e-06	0
«Газпром» договорился с Shell о добыче углеводородов в Арктике	0.0014718305	0
Бюджетники, добавившие карту «Мир» на iPhone, будут лишены льгот	0.018924411	0
Памфилова рассказала, как не позволила украсть победу Путина в 2018 году	0.6206018	1
К 2005 году у Джулии Робертс будет двойня и 12 друзей Оушена	0.04142028	0
Играющим против России в компьютерных играх запретят избираться в депутаты	0.9986946	1
Доказана смертельная опасность соли	2.0415797e-08	0
Российские продажи Metal Gear Solid 4 начнутся вечером 20 июня	0.009818042	0
Китай скопировал российский истребитель Су-27	2.711749e-06	0
Национальная академия наук США будет сотрудничать с Голливудом	0.99998593	1
Астроном предлагает изменить определение астрономической единицы	0.0007652282	0
Нидерланды распродают часть парка F-16	2.6663927e-05	0
Робин Уильямс успел завершить работу над четырьмя новыми фильмами	0.041253775	0
Членов казачьих сообществ освободят от платы за услуги вытрезвителей	0.18422961	0
Вакцина для евреев, ушедший со свадьбы жених, юбилей Компартии КНР и остроумные ответы Путина в нашей традиционной рубрике «Панорама недели»	0.23964825	0
Жителю Тулы по ошибке выдали QR-код от алкоголизма	6.611249e-08	0
Получение PayPal лицензии ЦБ не подтвердилось	0.9999778	1
В Белоруссии заблокируют YouTube за отказ продвигать в тренды двухчасовой фильм о планах Запада по срыву посевной	0.9999999	1
Главным тренером сборной России по волейболу стал серб Зоран Гайич	0.0055633653	0
Минпромторг разрешил российским производителям клеить на свои бутылки этикетки Moët & Chandon и Hennessy	9.120592e-12	0
iPhone 3G без SIM-карты в России продавать не будут	0.99998856	1
МОК объявил о переносе Олимпиады из Токио в Геленджик	0.99996555	1
Приток средств в российские ПИФы вырос втрое	0.99999166	1
Улюкаев допустил пересмотр прогноза экономического развития России	0.98278886	1
Россиян призвали не реагировать бурно на падение курса рубля	0.99999964	1
Программа «Квартирный вопрос» проведёт реновацию в подвале «скопинского маньяка»	0.9999995	1
Для посещения Краснодарского края туристов обяжут носить красную звезду	6.699632e-06	0
Ростовские психиатры пытаются помочь юноше, возомнившему себя Владимиром Соловьёвым	0.8433772	1
Инвесторы начали платить 155 долларов за баррель нефти	0.99999774	1
Чиновники предложили принудительно утилизировать японские б/у авто из-за несоответствия российским стандартам качества	0.99954444	1
МЧС подтвердило запрет на использование свечей от геморроя в жилых помещениях	0.96532327	1
Александр Лебедев уволился из собственного банка	0.99594194	1
Сборная России проиграла на Чемпионате мира по хоккею второй матч подряд	0.00074313435	0
Терешкова выступит с инициативой о преобразовании РФ в Российскую империю	0.3990795	0
QR-коды москвичей отсканируют при покупке товаров и услуг	0.07974168	0
Роман Полански пропустит Берлинский кинофестиваль	0.0068805637	0
Дизайн Halo 4 поручили создателю Killzone	7.1229297e-06	0
Россиян вновь захотели ограничить в энергопотреблении	0.9910171	1
Французские исследователи обнаружили в древнегреческих мифах упоминание богини бодипозитива	0.028578179	0
Samsung провалила своевременные поставки Galaxy S8	0.013871942	0
США будут добиваться санкций против Центробанка Ирана	0.9990068	1
В США разработали высокоточный метод 3D-печати стекла	0.9999981	1
Создатель Людей в черном сделает из Джима Кэрри гангстера	0.99994063	1
MGM попросила у акционеров денег на Хоббита	9.752769e-06	0
Российских учёных, находящихся в местах лишения свободы, соберут в «научной колонии»	0.999946	1
Лучший снайпер ЦСКА покинул команду	0.82882017	1
Эстония запустила первый спутник	0.43110898	0
Суд отменил дисквалификацию российской легкоатлетки из-за срока давности	0.0010117553	0
Зенит разгромил Крылья Советов	0.9972306	1
«2 Tesla за биткоин — это лохотрон»: Чубайс раскритиковал Илона Маска	0.9988477	1
Малайзия установит пулеметы и ракеты на вертолеты A109H	0.0002726452	0
Россия не захотела вернуть себе иконостас из Соловецкого монастыря	0.98869145	1
ЦИК: «Наименьшее количество нарушений было зафиксировано на участках без наблюдателей»	3.7813095e-06	0
Комитет Госдумы поддержал введение штрафов за разглашение информации об увиденном на митингах	0.9999502	1
Израильские военные сбили сани Санта Клауса, перепутав их с крылатой ракетой	0.99994075	1
Депутат Госдумы раскритиковал россиян за тягу к дешёвым автомобилям	0.005199912	0
С 1 января россиянам запретят использовать выгребные ямы	0.9999678	1
«Талибан»* проспонсирует строительство Главной мечети Вооружённых сил РФ	0.997903	1
Генпрокуратура России передала Франции материалы о коррупции в IAAF	0.9999497	1
Доцент Соколов осудил поступок петербуржца, повесившего свой портрет в Эрмитаже	0.9994499	1
Сердюков признался, что является сооснователем сервиса Avito	0.0015354778	0
Россиян будут штрафовать за отсутствие канализации	1.0	1
Нидерландская FrieslandCampina прекратила выпуск сыра для России	1.0887063e-06	0
В Швеции насильно выдали замуж уроженца Дагестана	1.5464912e-09	0
На Лубянской площади установят памятники всем главам органов госбезопасности до 1999 года	0.999972	1
В России начали блокировать банковские карты со слишком низкими зарплатами	1.634974e-05	0
Разочарование в экономике США спровоцировало рост цен на золото	0.99895144	1
Правительство решило играть против рубля	0.98629344	1
Кеосаян снимет сериал о штурме дома «мытищинского стрелка»	0.9999994	1
К участникам и зрителям шоу «Голос» пришла полиция	1.3614588e-09	0
Исинбаева на личные деньги построила спортплощадку для детей-инвалидов	0.056953046	0
В отношении YouTube начата проверка на предмет реабилитации нацизма	0.0025992352	0
Активные члены Юнармии получат статус ветеранов Великой Отечественной войны	0.99999106	1
Римейк Птиц не будет базироваться на фильме Хичкока	1.0	1
Ян Симеринк — жертва россиянина Давыденко	0.96775883	1
В России запретят привлекать заключённых к видеофиксации пыток в тюрьмах и колониях	0.999933	1
Ученые обнаружили паука-вегетарианца	0.08166817	0
Кличко подвел итог боя с Хэем без единого слова	1.735516e-06	0
С должников обанкротившегося банка взыскали два миллиарда рублей	0.998987	1
«Лягушатникам лучше не нарываться»: Мария Захарова поставила на место французских провокаторов, затеявших скандал с шампанским	1.0099499e-05	0
Портрет Путина месяц провисел в отеле Трампа как ни в чем не бывало	0.99998236	1
Пашинян приказал вернуть Ноев ковчег в состав флота Армении	0.6631508	1
Аналитики спрогнозировали рост акций «Роснефти»	0.0060281004	0
Вместо «дальневосточного гектара» депутатам Госдумы по ошибке выделили земельные участки на берегу Красного моря	0.9891046	1
Лесосибирский священник назвал божьей карой обрушение стеллажей с алкоголем на складе в Красноярске	0.9999963	1
Полиция разыскивает мошенников, продававших QR-коды для попадания в рай	3.2335354e-08	0
Сергей Гимаев назвал виновника ухода Набокова из СКА	0.99983346	1
Роскачество: наушники AirPods 3 снижают качество звука при воспроизведении музыки на русском языке	3.6540405e-05	0
Госдума приняла в первом чтении закон о запрете отрицания исторически сложившихся взглядов	0.99068236	1
Родителям запретят будить детей по утрам	0.99999833	1
39-летняя жительница Саратова стала первым человеком на Земле, прошедшим игру The Sims 2	0.021975959	0
Министерство просвещения советует учителям сознательно делать ошибки для проверки знаний школьников	0.0006697812	0
В рамках борьбы против гендерной дискриминации в ЕС запретят писсуары	0.9990225	1
Главный тренер Динамо Иво Вортманн отправлен в отставку	0.0006382494	0
Победитель Де Ла Хойи проведет бой с победителем Цзю	0.9960575	1
Правительство проиндексирует минимальный размер взяток к лету 2021 года	3.8520586e-08	0
В ЦАХАЛ появится казачья рота	0.99831355	1
На острове Русский во Владивостоке появился проспект Си Цзиньпина	3.580423e-10	0
Разобрали за 3 часа: в Варшаве открылся магазин с атрибутикой от Лукашенко	0.9970854	1
В законодательство предложили ввести понятие семья-иноагент	0.99869615	1
Найден неизвестный портрет кисти Веласкеса	0.0073352987	0
Белорусский суд лишил «Комсомольскую правду» ордена Ленина	0.16942872	0
EADS обвинили в нечестном участии в тендере ВВС США	0.99999	1
Блокировку нецензурной лексики в интернете поручат рабочим металлургических предприятий	2.5578883e-08	0
Илон Маск выкупил у Казахстана «Гагаринский старт»	0.99974805	1
Голубятни обяжут получать лицензию на оказание услуг связи	0.0012751058	0
Навальный на деньги ФБК покупал подарки чиновникам, чтобы обвинить их в коррупции	0.9847477	1
Евросоюз будет собирать с российских туристов налог на глобальное потепление	0.16917774	0
На открытии обновлённой Парижской филармонии симфонический оркестр исполнит одну из композиций Моргенштерна	0.9999994	1
Для удобства хранения сбережений Центробанк выпустит серию банкнот номиналом от 100 млн до 1 млрд рублей	3.9161565e-05	0
Россия получила японский кредит	0.35664117	0
Набоков и Брызгалов разделят игровое время на Олимпиаде-2010	2.8815212e-09	0
В Саратове ветерана ВОВ поздравили с Днём Победы «Лебединым озером»	0.999969	1
Россия снизит пошлины на четыре тысячи товаров	0.014422589	0
В Румынии объявили тендер на уничтожение Приднестровья	0.20718837	0
Москвичам разрешат провести ночь в музее	0.035075933	0
Аркадий Ротенберг заявил, что владеет Спасской башней Кремля и частью Алмазного фонда	5.2262465e-09	0
Линдсей Лохан лишилась второй роли за год	0.8300947	1
Apple представила эко-версию iPhone 13, распространяемую без упаковки	0.03614253	0
Названа причина нового глобального кризиса	0.99927443	1
Группе «Тараканы!» отказали во въезде на Украину	0.9999317	1
Google сократит 4000 рабочих мест в Motorola Mobility	0.45239478	0
Вышел трейлер новых «Елок»	0.0013237958	0
Ростуризм предложил обменять сгоревшие путевки в Турцию на поездку по Золотому кольцу России	0.040567603	0
«Это наш подарок съезду»: крестьяне Таймыра первыми завершили уборку картофеля	1.0	1
Гонка с препятствиями «Стань человеком-3» пройдет в Москве 3 и 4 октября	0.9969445	1
Путин затруднился назвать размер зарплаты Сечина	9.3661384e-07	0
Минпросвещения предложило убрать из школьной программы иностранные языки	0.99983966	1
Гарри Маркл не поедет на похороны своего дедушки, если ему не вернут зарплату принца	1.0	1
Руководителем российской космической программы назначен Мюнхгаузен	0.008100148	0
Ведущие лингвисты страны предложили изъять из русского языка предлог «из»	2.4863775e-06	0
Геофизики определили «потерянный элемент» ядра Земли	0.000106000334	0
Гнилостные грибы помогут улучшить звучание скрипок	0.9999875	1
Россия эвакуирует украинских наёмников, застрявших в Кабуле, в Луганск	0.999951	1
Дэниел Рэдклифф объяснил свое отсутствие на предпоказе спектакля о Гарри Поттере	0.9999999	1
Эксмо начало переговоры о поглощении группы АСТ	0.99999297	1
Банки поделятся биометрическими данными россиян с коллекторами	0.9999311	1
Обладатель прав на песни Цоя подал в суд на «ВКонтакте»	0.99999964	1
Dell выпускает компьютер для геймеров за 10000 долларов	0.99973744	1
Домодедово заявило о незначительном удорожании билетов от повышения сборов	0.11438901	0
Сборная России по футболу сыграла вничью с Кот-дИвуаром	0.05078323	0
Новый порядок госзакупок за год сэкономит 230 миллиардов рублей	0.999201	1
«Отряды Путина» пригрозили выпороть ремнём «маленьких навальнят» 23 января	0.637126	1
Карпин и Федун оценили результаты жеребьевки Лиги чемпионов	0.9578718	1
Белоруса с коронавирусом, намеренно ходившего на приёмы к чиновникам, задержали в РОВД	0.99999714	1
Гей-драма о Сергее Эйзенштейне выйдет в российский прокат	0.022080481	0
Китайский космический зонд «Тянвэнь-1» сфотографировал поместье Дмитрия Рогозина	0.000111834124	0
Дмитрий Козак провел заседание оргкомитета Российского инвестиционного форума	0.0006803598	0
Режиссер Роб Коэн лишился средневекового проекта	0.47262105	0
Телефонные гарнитуры для колл-центров внесут в список разрешенных предметов для передачи в места лишения свободы	0.99999607	1
Столицу России официально перенесут в Сочи	0.9986364	1
Камеру на Рублёвском шоссе демонтировали из-за клеветы на чиновников	6.649124e-05	0
Ведущим обновлённого «Поля чудес» будет Дмитрий Нагиев	0.9785194	1
В Сызрани задержан шпион, передававший Украине сведения о конструкции ракеты «Сатана»	0.000563468	0
Отдыхающие в Египте россияне пожаловались на засилье иностранцев на курортах в период пандемии	0.99998987	1
Мэйуэзер дебютирует в MMA	0.83975714	1
Илон Маск посетовал на невозможность ускорить выход Half-Life 3	0.99897015	1
Обновление 5G чипов после вакцинации появилось на портале Госуслуги	0.017097494	0
Комедия «Горько!» сместила «Сталинград» с первого места в прокате	0.9971194	1
Росавиация разрешила не включать в стоимость авиабилетов взлёт и посадку	1.7758539e-05	0
Роналду расстался с «Мисс Испания-2014»	1.0	1
Москвичи фейерверками подожгли здание посольства Польши	0.00014226856	0
Acer выбрал себе нового президента	0.9960598	1
В Новосибирске прошли соревнования по скоростному сжиганию покойников	0.9763717	1
Зампред ЦБ предрек значительный рост в 2016 году банковских вкладов россиян	0.9907348	1
Самки дельфинов научились готовить себе еду	2.3052982e-05	0
Каждому россиянину установят план по деторождению	0.9987484	1
Процесс принятия решений отследили на клеточном уровне	0.0007812336	0
Уличённого во взятке сотрудника ГИБДД Таганрога лишили звания маршала	0.99996185	1
Доктор Мясников призвал россиян делать меньше вдохов	0.9999796	1
Киев купит миллиард кубометров российского газа до конца недели	3.891905e-10	0
Скончался бывший исполнительный директор РУСАДА Никита Камаев	0.00022616747	0
В Госдуме предложили продавать в метро настоящие дипломы вузов	0.99988806	1
Сбербанк объявил о покупке Саратовской области	0.00822332	0
«Простите меня, уральцы, я просто редко бывал в Омске»: Жириновский пересмотрел своё мнение насчёт самого тупого региона России	0.43905264	0
Школьников, сдающих ЕГЭ по истории, заставили написать опровержение обзоров BadComedian	0.94545853	1
Смартфоны в России подешевели на 19 процентов	0.9906923	1
В России появилась первая улица имени Фанни Каплан	0.9808183	1
Мадонна возглавила американский чарт	0.4925958	0
Битловский фильм A Hard Days Night оцифрован и заново вышел в прокат	1.05819694e-07	0
Рэппер T.I. не смог получить премию из-за пулеметов	0.9999031	1
Фирташ решил купить остановленный ТНК-BP завод	0.99985886	1
Турция передаст Украине купленный у России комплекс С-400	2.504008e-06	0
Экипаж МКС задержится на орбите из-за аварии Прогресса	0.95131475	1
Совершена попытка захвата Братского лесокомбината	0.99989605	1
Россиян, не желающих вакцинироваться от коронавируса, будут депортировать в страны Евросоюза	0.9955497	1
Верховный суд подтвердил право граждан СССР на получение бесплатных квартир	1.0	1
Медведев признал ошибки пенсионной реформы	0.9999975	1
Мошенники под видом сотрудников ФБК провели обыск у прокурора в Татарстане	0.018825376	0
Супермаркеты Москвы ограничат продажу мяса на время Великого поста	0.98068625	1
Джо Байден получил медаль За успехи в джихаде	0.9999486	1
Макрон извинился перед мигрантом, давшим ему пощёчину	0.30067807	0
Представитель Кержакова опровергла информацию о работе игрока на «Матч ТВ»	0.24806519	0
Полиция опровергла слухи о смерти Пола Гаскойна	0.35589355	0
Россия стала лидером по закупкам норвежской рыбы	7.636566e-07	0
В Лондоне покажут неизвестный прижизненный портрет Шекспира	0.0006446709	0
«Звездные войны» стали самой популярной игрой для iPad в России	0.99997663	1
Тренер Челси нашел причину неудач Фернандо Торреса	0.99962115	1
Президент шахматной федерации США ответил на обвинения Илюмжинова	0.99701095	1
Интервью с двойником Ельцина к 30-летию августовского путча: «Вообще я человек непьющий, но тогда я хорошенько поддал»	1.0	1
Жан Рено и Стив Мартин приедут в Москву	0.99948835	1
В Катаре продан самый дорогой ковер в мире	0.9992237	1
Переводчик назвал победительницу «Евровидения» коровой и подставил Нетаньяху	0.41205397	0
Российские микробы оказались полезнее финской чистоты	0.1432986	0
Бог Кузя стал кандидатом от «Умного голосования» во Владимире	0.0029418713	0
Ученые определили идеальную диету для секса	4.5991005e-06	0
Из Всероссийской переписи населения убрали пункт о национальности	0.99981445	1
Родственники Александра Солженицына через суд добились его захоронения в мавзолее на Красной площади	6.155742e-10	0
Группа чеченских алкоголиков получила политическое убежище в Евросоюзе	0.08276023	0
Угнанная Lamborghini, экспонировавшаяся на Иннопроме, возвращена дагестанскому владельцу	0.99998486	1
Sony официально анонсировала новую модель PSP	0.008694547	0
Экономный россиянин рассказал, как целый год смог обходиться одним рулоном туалетной бумаги	7.129089e-08	0
Московский суд оправдал таксиста, избившего антипрививочника	0.8719299	1
В аргентинских школах покажут матчи ЧМ-2006	0.987894	1
«Зенит» проиграл новичку чемпионата России	0.9999039	1
Специалисты по ролевым играм будут работать в новом жанре	0.99981385	1
Эксперты заявили о поджоге Троицкого собора	0.99991417	1
Хедлайнерами Coachella-2012 станут The Black Keys и Radiohead	0.99882525	1
Переход на зимнее время произойдёт не во всех регионах России	0.9974502	1
Русал обвинил руководство Норникеля в безответственности	0.008014704	0
Белоруссия потратит новый кредит от России на разворачивание аналога китайской системы общественной безопасности	1.0	1
РЖД сделает платными туалеты в поездах	2.1409575e-08	0
Феникс избрал новую тактику сбора образцов	0.00029062098	0
Кейт Уинслет объяснила хранение «Оскара» в ванной комнате	0.0037203282	0
В Генштабе начались учения по эвакуации детей чиновников в случае разрыва отношений с Евросоюзом	0.0008727092	0
Из лондонской галереи украдены драгоценности Мэрилин Монро	0.018194288	0
Антимонопольщики уличили таможенников в нарушении закона о госзакупках	1.3268968e-06	0
В правительстве допустили начисление социальных выплат баллами «Спасибо»	0.54896355	1
Фотонную нейронную сеть научили считать	0.9998976	1
В Кемерово родился первый в России ребёнок с врождённым QR-кодом	0.00038664555	0
«Газпром» бесплатно газифицирует дома выходцев из России в Великобритании	0.0013124157	0
Новый закон позволит проводить митинги исключительно в ночное время	0.9976755	1
Все артисты, имеющие недвижимость в США, будут признаны иностранными агентами	0.9999168	1
Ольга Бузова стала членом-корреспондентом МГУ	0.8165416	1
Зенит обыграл в Москве Локомотив, но догнать Торпедо не смог	0.060007256	0
РПЦ предлагает избавиться от имён языческих богов в названиях месяцев	0.0075691883	0
Кокорин вернулся и забил	1.674123e-07	0
Корейскую еду признали полезной для космонавтов	0.9995402	1
«Лестницу Иакова» переснимут	0.99811184	1
На Украине прошли празднования 300-летия победы Карла XII в Северной войне	0.9938956	1
ПФР потратит 290 миллионов рублей на оповещение пенсионеров, что размер выплат в России выше, чем на Украине	0.00011118168	0
Россия поможет перуанским ВВС отремонтировать вертолеты	0.9999995	1
Крупнейшего производителя сахара в России оценили в 1,8 миллиарда долларов	0.9872913	1
Названы сроки переворота магнитных полюсов Земли	0.9999869	1
Российский банк развития в пять раз увеличит кредитование предпринимателей	0.9999995	1
Многодетным семьям выделят бесплатные презервативы	0.9992343	1
Лионель Месси проиграл выборы лучшего спортсмена Аргентины	0.9872824	1
Грета Тунберг: «Мы очищали планету вместе с Брейвиком»	0.94173425	1
Космонавт заснял с орбиты экологическую катастрофу	0.999915	1
Власти Испании по ошибке кремировали тело Джона Макафи	0.6832266	1
AMD показала внешнюю видеокарту для ноутбуков	0.9963063	1
«Русал» приостановил производство на Богословском заводе	0.99933213	1
Лосьон «Огуречный» разрешат продавать вместе с алкогольной продукцией	0.9996044	1
Глава МЭФ приказал поголовно вакцинировать население планеты от всех вирусов	0.9959353	1
На Пасху украинские дроны будут сбрасывать конфеты Roshen на жителей Донецка	0.99906176	1
В доходной части бюджета недосчитались 250 миллиардов рублей	0.99999976	1
В Госдуме предложили конфисковывать квартиры митингующих в пользу раненых силовиков	0.7066146	1
Ученые выбрали места для поиска жизни на Марсе	0.00010078039	0
Россия-1 покажет 9 мая спектакль Голая пионерка	0.054735474	0
Почта «Яндекса» защитит от прочтения находящиеся в пути письма	0.5200113	1
Спустя 16 лет Сатана вновь взлетит из шахты	0.003404634	0
BP заплатит 4,5 миллиарда долларов за разлив нефти	0.8679005	1
Matsushita выпустила новый DVD-рекордер для 50-гигабайтных дисков	0.9768047	1
Итальянцы поместили Владимира Соловьёва на доску почета за помощь в борьбе с коронавирусом	0.0016653142	0
Россия предлагает МВФ сотрудничество до 2003 года	0.6317214	1
Минздрав просит всех привившихся вакциной «Спутник V» срочно прийти в поликлинику для обновления прошивки микрочипа	0.9999994	1
«Брянск-Север»: хакеры взломали пароль Пентагона	1.3486017e-08	0
Вышел трейлер горнолыжной драмы «Со дна вершины» с Вдовиченковым	0.27996075	0
Эллен Пейдж займется режиссурой	0.08297865	0
Вор должен сидеть в тюрьме: Жерар Депардье объяснил россиянам, почему Навальный должен получить реальный срок	0.0010402199	0
Сбербанк провел первый платеж с помощью блокчейна	0.9999838	1
Потерявшего власть президента Гвинеи лишили российского Ордена Дружбы	0.99970704	1
Средняя зарплата китайских заключённых превысила 1500 долларов в месяц	0.9966344	1
Начались раскопки античного города Клатерна	0.005890982	0
Названы самые возбуждающие песни	0.99994445	1
В Госдуме предложили распространить закон об иноагентах на антироссийские идеи	0.8220904	1
Терминатор потерпел поражение от Веселого Роджера	6.4450495e-07	0
Посол Таджикистана вызван в МИД России из-за некачественного ремонта кремлевской стены	0.99895155	1
Флаги Латвии и Литвы на Петербургском международном экономическом форуме заменили флагом Третьего рейха	0.9941988	1
Гуус Хиддинк поменял состав сборной России	0.9067044	1
Илон Маск попал на сайт «Миротворец»	0.9998299	1
Греф уводит государство из экономики	0.4435304	0
Юрий Шатунов: «Навальный давно никому не интересен»	0.99997795	1
В США начались финальные тесты теннисного видеоповтора	0.0033367958	0
Франция объявила в международный розыск Мишкина и Чепигу	0.0134649305	0
Пол Маккартни назван самым богатым музыкантом Великобритании и Ирландии	0.99947447	1
Собянин объявил о начале работ по замене плитки на Красной площади	0.00014706628	0
Состав Госдумы увеличат до тысячи депутатов	0.0037720972	0
Вольский создает политбюро для олигархов	0.9998983	1
Угнанный крейсер «Аврора» вернули на место	0.0005707287	0
Альбом сайд-проекта Arctic Monkeys выйдет приложением к газете	0.99999976	1
Дмитрий Киселёв оштрафован на 50 тысяч рублей за упоминание фамилии Навальный	0.9998166	1
Сергей Собянин утвердил план работ по укладке плитки в московском метро	0.008533258	0
Высокая скорость столкновения галактик мешает рождению звезд	0.9977986	1
Арбитр матча Германия — Англия отчислен с ЧМ-2010	6.964911e-05	0
Ольга Бузова стала почетным магистром клуба Что? Где? Когда?	1.311761e-05	0
Россия и Венесуэла создадут совместный банк	0.9999765	1
Запуск первого туркменского спутника вновь отложен	0.9999771	1
Правительство сократило имущественный взнос в Олимпстрой	0.4358578	0
Три генерала подали в отставку из-за смерти хоккеиста Черепанова	0.9419728	1
Samsung выпустит телефоны с гибким экраном в 2012 году	8.8850175e-05	0
В России повысят призывной возраст до 30 лет	0.95466805	1
Александр Лукашенко обманул телефонных мошенников и повесил на них несколько кредитов	3.6871177e-09	0
Россияне горячо поддерживают предвыборную программу партии «Единая Россия»	0.2590408	0
ЦСКА подал жалобу на судейство в матче с Аланией	0.99986863	1
Партия Саакашвили внесла в парламент законопроект, запрещающий Владимиру Познеру отмечать дни рождения в Грузии	0.99999976	1
Патриарх Кирилл запретил прощать либералов в Прощёное воскресенье	0.977466	1
Дворкович сообщил подробности блокировки украинских фур в России	9.626891e-06	0
Россиян разрешили кормить мучными червями	0.9995803	1
Театральные буфеты перестанут обслуживать иноагентов	0.33453733	0
Патриарх Кирилл: российский народ сейчас обеспечен всем, кроме самого главного – госидеологии	7.605208e-06	0
Из-за угрозы «Умного голосования» выборы в Госдуму пройдут на безальтернативной основе	0.99996305	1
Транснефть не учла ЮКОС в своем графике экспорта нефти	0.99568826	1
Крейсер «Аврора» раскрасят во все цвета радуги	0.99999905	1
Евросоюз введёт санкции против России и Китая из-за застрявшего судна в Суэцком канале	0.9999845	1
Минобороны отказалось от серой окраски самолетов	0.38754106	0
Россвязь разрешила использовать iPhone 4	0.0003185992	0
Во Франции запретили фильм Ларса фон Триера «Антихрист»	0.9997812	1
Прокуратура отклонила иски Кервьеля к Societe Generale	0.99976856	1
Режиссер Бумера снимет фильм о Владимире Высоцком	0.000292967	0
Палестинец похищал воду из кранов жителей Еврейской АО	0.9710933	1
Российский ВВП сократился на 1,4 процента	0.00091642846	0
Роскомнадзор обязал YouTube проигрывать гимн России перед роликами	0.9833566	1
Полиция возбудила дело о реабилитации нацизма из-за надписи «Володин — ахтунг» на стене Госдумы	0.999373	1
Ирак возобновил экспорт нефти в полном объеме	0.99997056	1
В Китае ввели условную смертную казнь для партийной элиты	3.4388537e-05	0
Силовики пресекли работу крупного овощного рынка, на котором незаконно продавался укроп	0.99988675	1
Для помощи в тушении лесов в России введут акциз на спички и зажигалки	0.0002962154	0
Amnesty International осудила Россию за отсутствие СИЗО для трансгендеров	0.9998393	1
Бельгия вышлет королевскую семью в Конго в качестве компенсации за многолетнее угнетение	0.9999325	1
Мосгордума передаст столичным властям контроль за сложными зданиями	0.999343	1
В Швейцарии раздавили бульдозерами 2 тонны российских молокосодержащих сыров	0.9877144	1
Салават Юлаев вышел в лидеры Восточной конференции	0.9999646	1
На Валдайском форуме принято решение развивать российскую экономику	0.000104091865	0
Путин вручил госнаграду создателю сериала «Улицы разбитых фонарей»	0.0076691722	0
Минкомсвязи выделит 450 миллионов рублей «Почте Крыма»	0.99773335	1
Григорий Явлинский: «Этот дом я выиграл в лотерею для вакцинированных от коронавируса»	0.9209685	1
Майкл Джексон снова попал в больницу	0.015918532	0
Полет Су-30 напомнит России о Чкалове	0.9940274	1
Семейка Аддамсов превратится в мюзикл	0.012295858	0
BFG-tech выпустила новую AGP-видеокарту GeForce 7800 GS	0.020080976	0
В Госдуме рассмотрят законопроект о праве работодателей увольнять беременных женщин	0.9999827	1
После подписания закона об обязательном представительстве иностранных IT-компаний в России Rule34 откроет свой офис в Москве	0.92556983	1
Скандальная скульптура «Большая глина No 4» стала местом встречи представителей московских ЛГБТ-сообществ	0.9942827	1
Центробанк России провёл учения по переводу расчётов в WeChat	0.023939818	0
Disney превратит Пиратов Карибского моря в ролевую игру	2.0847683e-05	0
Футболист Тарасов развелся с телеведущей Бузовой	0.00010271519	0
Ростехнологии закупят самолеты для Аэрофлота	0.0032526152	0
Ванга: «После ядерного удара на Земле останутся двое: королева Елизавета и лысоватый мужчина с усами»	0.9874069	1
Гандболисты России вышли в четвертьфинал чемпионата мира	3.7334416e-05	0
Мэрия Норильска запретила ежегодный гей-парад металлургов	0.99530905	1
Газпром предлагают заставить пускать независимых производителей к трубе без отказа	0.631959	1
Диего Марадона убрал двойной подбородок	0.93926	1
В Москве и Санкт-Петербурге выступят звезды мировой скрипичной музыки	0.0006215936	0
В Госдуме призвали ограничить право представителей ЛГБТ-сообщества на получение бесплатного высшего образования	0.9998332	1
В России запретят показывать научные телепередачи до полуночи	0.9992374	1
Европейских политиков обяжут отправлять записи всех своих телефонных разговоров в АНБ в течение 24 часов	0.9586445	1
Дочка ЮКОСа не получит денег материнской компании	0.24310556	0
Бургомистр Кёльна заявил, что примет с распростёртыми объятиями беженцев из Афганистана	1.2724043e-10	0
ГосНИИОХТ к годовщине отравления Навального выпустил улучшенную версию «Новичка»	0.00014973214	0
Германия вышлет 76 российских дипломатов из-за проведения парада Победы	0.9999901	1
Аспирин назвали спасением от рака	0.9861304	1
Пьяные белорусский и российский дальнобойщики, работающие в Польше, атаковали дом премьер-министра	0.99979633	1
Футболисты молодежной сборной Чили подрались с полицией	0.9998429	1
Директор Федерального бюро тюрем США выразил сожаление, что не сможет посетить СИЗО «Лефортово» из-за российских санкций	0.86480796	1
Ринго Старр оказался самым богатым барабанщиком мира	0.9991916	1
Группа Van Halen воссоединится со своим первым вокалистом	0.003119528	0
Наследница империи LOreal призвала ввести налог на богатых	0.0031063878	0
Ахметов отказался менять капитана Шахтера на газ	0.0022678238	0
Чиновникам разрешат сбивать пешеходов, россиян попросили уменьшить размер блинов, празднование 8 марта и мудрые решения Роскомнадзора в нашей еженедельной рубрике «Панорама недели»	0.99999285	1
В Москве стартует онлайновый театральный фестиваль	0.00061444007	0
НАТО решилось на покупку беспилотников	0.783758	1
Ак Барс усилился финном из НХЛ	0.006886131	0
Роскомнадзор заблокировал американский интернет на время проведения выборов в Госдуму	0.99998736	1
Российскому режиссеру запретили возводить стену в центре Берлина	0.99919087	1
Таможенники США приняли участниц южнокорейской группы Oh My Girl за проституток	1.0	1
Патриарх Кирилл упрекнул «Коммунистов России» в препятствовании канонизации Иосифа Сталина	0.9847831	1
ВМС Норвегии получили последний фрегат класса Фритьоф Нансен	0.49054104	0
Детская книга Как Путин с Шойгу в тайгу ходили начала поступать в российские школы	0.99916434	1
Рабочие завода «Звезда» объявили забастовку в поддержку Владимира Путина	0.00017528902	0
В ЦБ рассказали о копеечном ущербе от кибератак	0.19692309	0
Социальный рейтинг россиян приравняют к количеству их антител	0.9984107	1
Майкл Бэй обещает эпических Трансформеров	0.08366017	0
В России создадут институт полевых антиэкстремистских судов	0.26301396	0
Британские ЛГБТ-активисты посетят заводы Челябинска и Магнитогорска	0.99167836	1
МИД России запретил ЦРУ нанимать на работу российских граждан	0.104761206	0
В морском дне нашли массивные залежи пресной воды	1.0	1
Московским автовладельцам придется раскошелиться	0.98670095	1
Программисты будут платить налог на развитие суверенного интернета	0.9999969	1
Разбившийся украинский Су-27 оказался непригоден для полетов	6.42823e-07	0
Белоруссия впервые победила США на чемпионате мира по хоккею	0.91438556	1
Обзор рынков: доллар подешевел почти на 11 копеек	0.99999654	1
Жизненно важные органы не задеты: врачи спасли жизнь TikTok-блогеру, отпилившему себе голову бензопилой ради лайков	0.99997926	1
В Москве зафиксированы первые голодные смерти из-за отказа ресторанов обслуживать посетителей без QR-кодов	0.00012402367	0
Amazon начал прием заказов на заводные ноутбуки	0.32158327	0
Объем слияний в российском потребсекторе достиг 15 миллиардов долларов	0.98292494	1
Памфилова разрешила аннулировать голоса за кандидатов от Умного голосования	0.98391896	1
Легкоатлет случайно убил судью	0.9999999	1
Погорельцы смогут получить скидки на покупку стройматериалов	0.999998	1
Итальянский суд конфисковал виллу Владимира Соловьёва в пользу Республики Тыва	9.144618e-07	0
В Казани отпраздновали годовщину сожжения Москвы Тохтамышем	0.9716717	1
Сценариста НТВ короновали в воры за сериал Точка фарта	0.99864644	1
Роскомнадзор внёс в список экстремистских материалов фильм «Девятая рота»	0.99998426	1
Сергей Собянин объявил об уходе с поста мэра Москвы	0.005279646	0
Компания Sun Microsystems уволит три тысячи сотрудников	0.0015877503	0
Японского изобретателя робота-сборщика клубники внесли в базу «Миротворца»	0.0108130565	0
Майли Сайрус выложила провокативный тизер нового клипа	0.00059433916	0
Блогеров, снимающих ролики для TikTok, поставят на учет в полиции	0.66288435	1
Россия поставит в Казахстан и Лаос вертолеты Ансат	0.016605983	0
ИК-2 во Владимирской области внесена в список организаций-иноагентов	0.9999981	1
Парагвай обыграл Словакию на ЧМ-2010	1.588844e-05	0
Турция отправит миротворцев в Армению для защиты коренного населения страны	8.788914e-10	0
«Газпром» бесплатно проведет газ в отдалённые кубинские деревни	0.7711141	1
Пакистан провел испытания улучшенной версии баллистической ракеты	0.00021061058	0
Кактус, посаженный рядом с 5G-вышкой, засох через полчаса	1.6240383e-09	0
Росстат будет считать зарплату россиян в копейках	1.0	1
Алекперов назвал срыв контракта с Ираком местью политикам	0.00035118457	0
Пол Маккартни устроил спонтанный концерт на Таймс-сквер	0.9999399	1
Ильюшин продал самолетов на миллиард долларов	0.94355017	1
Вымпелком купил сотового оператора в Камбодже	0.99980086	1
В США дисквалифицировали выигравшего чемпионат без соперников 60-летнего ходока	1.84363e-11	0
Игра про правильное время: Геннадий Зюганов посоветовал включить прохождение Бесконечного лета в школьную программу	0.094867066	0
Посвященные Pussy Riot рисунки сняли с феминистской выставки	1.1169637e-09	0
Орландо Блум назначен послом доброй воли ЮНИСЕФ	0.99997795	1
Космонавт из Зимбабве заменит Юлию Пересильд в фильме «Вызов»	2.6095555e-05	0
Дагестанцев, сдавших ЕГЭ менее чем на 90 баллов, отправят на пересдачу	0.99988043	1
У динозавра с самым коротким именем нашли крылья летучей мыши	0.9999566	1
После Братьев и Сестер Сельянова привлекли шоферы	0.9995129	1
Власти обязали москвичей старше 65 лет спать в масках и перчатках	0.9999995	1
В Лондоне открылась выставка Родченко	0.9974366	1
Минпромторг разработал профессиональные нормы потребления алкоголя	0.61739993	1
Из музея украли соху, с которой Сталин принял Россию	0.99883	1
Укрепление рубля связали с попыткой переворота в Турции	0.99025375	1
Российские рыбаки украли 500 км подводного интернет-кабеля между США и Европой	0.9994875	1
Депутатов, избранных по рекомендации Умного голосования, лишат неприкосновенности	0.9846438	1
«Роскосмос» снабдит космонавтов инструкцией на случай вселения демонов в иностранных членов экипажа	1.0	1
Российская фехтовальщица завоевала золото чемпионата Европы	0.96640444	1
МВД России предоставит автобусы для встречи Алексея Навального	1.4661052e-05	0
Глава ЦБ посоветовала российской экономике адаптироваться к новым условиям	0.007076187	0
Минпромторг расширил список роскошных автомобилей	0.0034966266	0
Из-за аварии на подстанции «Ольгино» рейтинг «Единой России» обвалился на 60%	0.99436694	1
Для обуздания инфляции в России введут продуктовые карточки	0.9994702	1
КПРФ признали экстремистской организацией	0.63042253	1
Производитель детского питания оказался на грани дефолта	4.2013943e-09	0
Китайский геймер подделал документы ради спасения своего персонажа	0.9998122	1
Самозанятых рэперов выпишут из категории музыкантов	0.99510795	1
Роды в России станут платными	0.99905986	1
Минфин начинает обмен коммерческого долга СССР на еврооблигации	0.9993542	1
Amnesty International признала Иосифа Сталина жертвой политических репрессий	0.9988985	1
Деятели культуры заступились за дом Волконских	0.99992406	1
Рогозин пообещал запустить портреты ветеранов на Марс	7.912702e-05	0
Эксперты прогнозируют стагнацию российской нефтедобывающей промышленности	0.99993896	1
Кубок мира по лыжам выиграл чех Бауэр	0.5785211	1
Количество газетных киосков в России, продающих насвай, сократилось на 11%	0.99799097	1
В Забайкалье обнаружен уникальный ребёнок, который протрезвевает в пять раз быстрее обычного	0.8738737	1
В дни матчей Евро-2020 Дворцовый мост в Петербурге раскрасят в цвета ЛГБТ	1.0	1
Сборная Германии по футболу потребовала у Польши открыть границу для беженцев	0.016016195	0
Шарапова поднялась на седьмое место в теннисном рейтинге	0.98217505	1
Полиции Балтимора запретили раскрывать информацию о преступлениях, если она способствует расовым стереотипам	0.9997625	1
Украина будет строить Ан-70 с Боингом и Эйрбасом вместо России	0.99990237	1
Робот Фёдор вступил в «Единую Россию»	0.7955896	1
«Сделали ставку на совместную работу»: Герман Греф рассказал о готовящемся объединении Сбербанка и букмекерской конторы	0.17559235	0
Собянин предложил Крыму перейти на электробусы	0.9980476	1
Белорусские точки общепита будут закрыты для вакцинированных граждан	0.96805525	1
Депутаты Татарстана переименовали должность президента республики в верховного хана	0.9996551	1
Роснефть купила сервисные активы компании-банкрота ЮКОС	0.227558	0
Выросли продажи бензинов «Роснефти» на Петербургской международной бирже	0.99957985	1
Злостным нарушителям закона о митингах ограничат доступ в Интернет	0.99924564	1
Большой театр сохранил за Цискаридзе право на преподавание	0.880852	1
Украина потратила на газ 12 миллиардов долларов за год	1.0	1
КГБ Белоруссии возобновил расследование убийства Кеннеди	1.5221741e-05	0
Тренер российских волейболисток сохранит пост после неудачи на Олимпиаде	0.0025994466	0
На новогодние выходные ГИБДД отключит камеры фиксации нарушений ПДД	0.11191141	0
Мировые цены на нефть значительно снизились	0.84827083	1
Депутаты жалуются на двойников, принимающих иностранное подданство	0.98901737	1
Юрий Семин готов взять в сборную натурализованных легионеров	0.9964227	1
«Беспрецедентный масштаб подмены анализов»: МОК расследует отсутствие допинга в пробах российских спортсменов	0.9999254	1
Яндекс.Такси ввел функцию «Славянский водитель»	0.99998903	1
Госдума приняла закон, разрешающий Назарбаеву участвовать в выборах 2024 года	0.5926281	1
Газпром и Нафтогаз поправили газовые контракты в пользу Украины	0.99919873	1
Вступление в ВТО увеличит экономический рост России на 1% в год	0.9999995	1
Депутаты обсудят ограничение зарплат топ-менеджеров в госбанках	0.99962306	1
В Санкт-Петербурге осудили сотрудницу музея Фаберже, несколько лет подряд красившую яйца на Пасху	0.9109688	1
SMS-голосованием выберут больницу, которую посетит с рабочим визитом премьер-министр	0.9084892	1
«Мордовия» победила на старте чемпионата России	0.99304706	1
Южная Корея выбрала F-35	0.25580865	0
Надаль проиграл 135-й ракетке мира в первом круге Уимблдона	0.99889636	1
Россия получит ремейки игр Kingdom Hearts в один день с Европой	6.854258e-05	0
КАМАЗ представил не имеющий аналогов в мире электробус, работающий на бензине	0.99858654	1
Мексика заморозила цены на продовольствие	0.0064621335	0
В Москве покажут Уорхола для коллекционеров	0.8226591	1
Госдума рассмотрит возможность использования позорного столба в качестве наказания за мелкие правонарушения	0.87513113	1
Россия вооружила Индию противолодочным Морским змеем	1.0	1
В музей Титаника в Нэшвилле передадут торпеду	9.0303896e-05	0
«Образованный революционер»: Алексей Навальный получил прозвище в СИЗО	0.0068586436	0
Доллар упал ниже 64 рублей на фоне дорожающей нефти	0.9985942	1
В Румынии украли коня президента	0.9998512	1
«Американский психопат» станет мюзиклом	0.99954575	1
Турецкий «Галатасарай» на год отстранили от еврокубков	0.54088473	1
Ридли Скотт покажет нового Чужого в сиквеле «Прометея»	0.9979096	1
Белоруссия откажется от российского электричества	7.966002e-05	0
Нобелевскую премию по литературе присудили Марио Варгасу Льосе	6.8187944e-09	0
Хоккеист «Питтсбурга» спас тренера от шайбы	0.0003476138	0
Журналисты узнали цену первого нетбука Nokia	0.60773766	1
Долгое прощание Сергея Урсуляка показали на ММКФ	0.9986285	1
Китайский губернатор лично положил 20 км асфальта, чтобы выполнить дорожный план провинции	0.9423382	1
Зеленский пригрозил ввести санкции против семьи Байдена, если Украину не примут в НАТО до конца года	0.9999535	1
Бритни Спирс возглавила список знаменитостей по версии Forbes	0.00023025039	0
На чемпионате мира по футболу впервые введут видеоповторы	0.6416566	1
Наномагниты помогут изучать клеточные контакты	0.6820174	1
Илон Маск потребовал запретить смертоносные роботы	0.17679462	0
Госдума одобрила введение tax free в России	0.9999292	1
Лейкерс разгромил чемпиона НБА во втором матче полуфинала	1.0	1
Сафин выходит в третий круг после травмы соперника	0.96702796	1
Центробанк отозвал лицензии у двух московских банков	0.99940276	1
Россия и Венесуэла договорились о сотрудничестве по нефти и газу	0.00041468968	0
Валентина Терешкова предложила сделать Рассказы о Путине настольной книгой школьников	0.84656453	1
Бывшему гендиректору Google подняли зарплату в миллион раз	0.9697215	1
Россиян планируют перевести на шестидневную рабочую неделю	0.9995134	1
Кубок УЕФА: испанцы забили немцам три пенальти и пять голов	4.4720633e-05	0
Уволенный президент Olympus подаст в суд на компанию	0.99665254	1
Прокуратура заподозрила Явлинского в авторитарном стиле управления партией	0.20899908	0
В День Победы стратегические ракетоносцы Ту-160 дадут боевой залп над Красной площадью	0.32229963	0
СК возбудил дело против авиакомпании «Победа» за финансирование Навального	0.9654219	1
Криптомонетный двор Туркменистана выпустил юбилейные биткоины	1.8486457e-05	0
Deutsche Bahn заплатит рекордный штраф за чтение писем сотрудников	0.000108685075	0
